source,target
Mora,SAIKO
Mora,Eladio Carrion
Mora,Dei V
Mora,Jhayco
Mora,Alvaro Diaz
Mora,Quevedo
Mora,Tainy
Mora,Feid
Mora,YOVNGCHIMI
Mora,Myke Towers
Mora,Luar La L
Mora,Young Miko
Mora,Rauw Alejandro
Mora,Rels B
Mora,Jay Wheeler
Mora,Arcángel
Mora,Bryant Myers
Mora,Sky Rompiendo
Mora,Duki
Mora,JC Reyes
Jhayco,Tainy
Jhayco,Mora
Jhayco,Myke Towers
Jhayco,Eladio Carrion
Jhayco,Dei V
Jhayco,Lyanno
Jhayco,Alvaro Diaz
Jhayco,YOVNGCHIMI
Jhayco,Bryant Myers
Jhayco,Alex Rose
Jhayco,Darell
Jhayco,SAIKO
Jhayco,Lunay
Jhayco,Dalex
Jhayco,Brytiago
Jhayco,Nio Garcia
Jhayco,Lenny Tavárez
Jhayco,Miky Woodz
Jhayco,Jay Wheeler
Jhayco,Luar La L
Feid,Mora
Feid,Ryan Castro
Feid,Blessd
Feid,Quevedo
Feid,Jhayco
Feid,SAIKO
Feid,Young Miko
Feid,Myke Towers
Feid,Eladio Carrion
Feid,Rauw Alejandro
Feid,Tainy
Feid,Arcángel
Feid,Sech
Feid,Rels B
Feid,Chencho Corleone
Feid,Jay Wheeler
Feid,Alvaro Diaz
Feid,Justin Quiles
Feid,Dei V
Feid,Bad Bunny
Yandel,Wisin
Yandel,"Tito ""El Bambino"""
Yandel,Zion & Lennox
Yandel,Alexis y Fido
Yandel,Zion
Yandel,Wisin & Yandel
Yandel,J Alvarez
Yandel,De La Ghetto
Yandel,Jowell & Randy
Yandel,Baby Rasta & Gringo
Yandel,Luny Tunes
Yandel,Tony Dize
Yandel,Baby Rasta
Yandel,Cosculluela
Yandel,Hector & Tito
Yandel,Nicky Jam
Yandel,Farruko
Yandel,Angel Y Khriz
Yandel,Tego Calderón
Yandel,Dalmata
Quevedo,SAIKO
Quevedo,Mora
Quevedo,Myke Towers
Quevedo,Jhayco
Quevedo,Feid
Quevedo,Eladio Carrion
Quevedo,Duki
Quevedo,Rvfv
Quevedo,Bizarrap
Quevedo,Tiago PZK
Quevedo,Milo j
Quevedo,JC Reyes
Quevedo,Dei V
Quevedo,Omar Montes
Quevedo,Young Miko
Quevedo,Emilia
Quevedo,DELLAFUENTE
Quevedo,Rauw Alejandro
Quevedo,Tainy
Quevedo,Nicki Nicole
Rauw Alejandro,Myke Towers
Rauw Alejandro,Jhayco
Rauw Alejandro,Mora
Rauw Alejandro,Sech
Rauw Alejandro,Feid
Rauw Alejandro,Lunay
Rauw Alejandro,Dalex
Rauw Alejandro,Tainy
Rauw Alejandro,Jay Wheeler
Rauw Alejandro,Justin Quiles
Rauw Alejandro,Lenny Tavárez
Rauw Alejandro,Arcángel
Rauw Alejandro,Quevedo
Rauw Alejandro,Eladio Carrion
Rauw Alejandro,Alex Rose
Rauw Alejandro,Anuel AA
Rauw Alejandro,Bryant Myers
Rauw Alejandro,Manuel Turizo
Rauw Alejandro,Ozuna
Rauw Alejandro,Young Miko
Chencho Corleone,Maldy
Chencho Corleone,Brray
Chencho Corleone,Mambo Kingz
Chencho Corleone,Ovy On The Drums
Chencho Corleone,Ryan Castro
Chencho Corleone,Plan B
Chencho Corleone,Sky Rompiendo
Chencho Corleone,SOG
Chencho Corleone,Lenny Tavárez
Chencho Corleone,Ñengo Flow
Chencho Corleone,Justin Quiles
Chencho Corleone,Tainy
Chencho Corleone,Jhayco
Chencho Corleone,Young Miko
Chencho Corleone,Yandel
Chencho Corleone,Darell
Chencho Corleone,Haze
Chencho Corleone,Jay Wheeler
Chencho Corleone,Dímelo Flow
Chencho Corleone,KEVVO
Arcángel,Cosculluela
Arcángel,De La Ghetto
Arcángel,Ñengo Flow
Arcángel,Yandel
Arcángel,Jowell & Randy
Arcángel,Ñejo
Arcángel,J Alvarez
Arcángel,Zion
Arcángel,Farruko
Arcángel,Tego Calderón
Arcángel,Baby Rasta & Gringo
Arcángel,Noriel
Arcángel,Bryant Myers
Arcángel,Zion & Lennox
Arcángel,Eladio Carrion
Arcángel,Wisin
Arcángel,Jhayco
Arcángel,Baby Rasta
Arcángel,Jon Z
Arcángel,Justin Quiles
Bad Bunny,Rauw Alejandro
Bad Bunny,Feid
Bad Bunny,Anuel AA
Bad Bunny,Myke Towers
Bad Bunny,Jhayco
Bad Bunny,Ozuna
Bad Bunny,Mora
Bad Bunny,Arcángel
Bad Bunny,J Balvin
Bad Bunny,KAROL G
Bad Bunny,Eladio Carrion
Bad Bunny,Bryant Myers
Bad Bunny,Paulo Londra
Bad Bunny,Sech
Bad Bunny,Lunay
Bad Bunny,Bizarrap
Bad Bunny,Quevedo
Bad Bunny,Rels B
Bad Bunny,Daddy Yankee
Bad Bunny,Peso Pluma
Ozuna,Farruko
Ozuna,Nicky Jam
Ozuna,Yandel
Ozuna,Wisin
Ozuna,J Balvin
Ozuna,Sech
Ozuna,Zion & Lennox
Ozuna,Manuel Turizo
Ozuna,Daddy Yankee
Ozuna,NATTI NATASHA
Ozuna,Anuel AA
Ozuna,Arcángel
Ozuna,Maluma
Ozuna,Myke Towers
Ozuna,De La Ghetto
Ozuna,Lunay
Ozuna,Piso 21
Ozuna,Justin Quiles
Ozuna,Noriel
Ozuna,Wisin & Yandel
Lyanno,Rafa Pabön
Lyanno,Gigolo Y La Exce
Lyanno,Juhn
Lyanno,Jay Menez
Lyanno,Lenny Tavárez
Lyanno,Brray
Lyanno,Joyce Santana
Lyanno,Javiielo
Lyanno,Dímelo Flow
Lyanno,Alex Rose
Lyanno,Cauty
Lyanno,Pusho
Lyanno,Darkiel
Lyanno,KEVVO
Lyanno,Anonimus
Lyanno,Omy de Oro
Lyanno,Juanka
Lyanno,Casper Magico
Lyanno,Joniel
Lyanno,Jerry Di
Brray,Onyx Toca El Piano
Brray,Joyce Santana
Brray,Young Martino
Brray,Lisux
Brray,Laborde
Brray,Esko
Brray,Rokero
Brray,Jehza
Brray,New Wave
Brray,Frank Jordan
Brray,Ninjiizu
Brray,Galindo Again
Brray,Rafa Pabön
Brray,Juanka
Brray,Pacho El Antifeka
Brray,Sinfonico
Brray,Lyan
Brray,Alex Kyza
Brray,Lyanno
Baby Rasta,Baby Rasta & Gringo
Baby Rasta,Yomo
Baby Rasta,Cheka
Baby Rasta,Tempo
Baby Rasta,Gadiel
Baby Rasta,Voltio
Baby Rasta,Hector & Tito
Baby Rasta,Magnate Y Valentino
Baby Rasta,Divino
Baby Rasta,Yaga & Mackie
Baby Rasta,Magnate
Baby Rasta,Jadiel
Baby Rasta,Luny Tunes
Baby Rasta,Nova y Jory
Baby Rasta,Don Chezina
Baby Rasta,Dalmata
Baby Rasta,Trebol Clan
Baby Rasta,Alberto Stylee
Baby Rasta,Jowell
Baby Rasta,Ñejo & Dalmata
Bizarrap,Trueno
Bizarrap,Duki
Bizarrap,Milo j
Bizarrap,LIT killah
Bizarrap,Tiago PZK
Bizarrap,Nicki Nicole
Bizarrap,YSY A
Bizarrap,KHEA
Bizarrap,WOS
Bizarrap,Quevedo
Bizarrap,Bhavi
Bizarrap,Rusherking
Bizarrap,FMK
Bizarrap,Paulo Londra
Bizarrap,L-Gante
Bizarrap,Eladio Carrion
Bizarrap,C.R.O
Bizarrap,Emilia
Bizarrap,Maria Becerra
Bizarrap,Neo Pistea
Wisin & Yandel,Yandel
Wisin & Yandel,"Tito ""El Bambino"""
Wisin & Yandel,Wisin
Wisin & Yandel,Alexis y Fido
Wisin & Yandel,Zion & Lennox
Wisin & Yandel,Tony Dize
Wisin & Yandel,Don Omar
Wisin & Yandel,Zion
Wisin & Yandel,Jowell & Randy
Wisin & Yandel,Luny Tunes
Wisin & Yandel,J Alvarez
Wisin & Yandel,Baby Rasta & Gringo
Wisin & Yandel,Tego Calderón
Wisin & Yandel,Angel Y Khriz
Wisin & Yandel,De La Ghetto
Wisin & Yandel,Hector & Tito
Wisin & Yandel,Chino & Nacho
Wisin & Yandel,Ivy Queen
Wisin & Yandel,Baby Rasta
Wisin & Yandel,Nicky Jam
ROSALÍA,NATHY PELUSO
ROSALÍA,C. Tangana
ROSALÍA,Bad Gyal
ROSALÍA,Lola Indigo
ROSALÍA,Aitana
ROSALÍA,Becky G
ROSALÍA,Paloma Mami
ROSALÍA,Ana Mena
ROSALÍA,Mala Rodríguez
ROSALÍA,NATTI NATASHA
ROSALÍA,Rauw Alejandro
ROSALÍA,Tokischa
ROSALÍA,Arca
ROSALÍA,Lele Pons
ROSALÍA,J Balvin
ROSALÍA,TINI
ROSALÍA,KAROL G
ROSALÍA,Quevedo
ROSALÍA,Nicki Nicole
ROSALÍA,Danna Paola
Myke Towers,Jhayco
Myke Towers,Eladio Carrion
Myke Towers,Mora
Myke Towers,Bryant Myers
Myke Towers,Sech
Myke Towers,Quevedo
Myke Towers,Rauw Alejandro
Myke Towers,Jay Wheeler
Myke Towers,Dalex
Myke Towers,Dei V
Myke Towers,SAIKO
Myke Towers,Arcángel
Myke Towers,Justin Quiles
Myke Towers,Lunay
Myke Towers,Feid
Myke Towers,Darell
Myke Towers,Alex Rose
Myke Towers,Ñengo Flow
Myke Towers,Noriel
Myke Towers,Miky Woodz
Melendi,Estopa
Melendi,El Canto Del Loco
Melendi,Antonio Orozco
Melendi,Dani Martín
Melendi,El Arrebato
Melendi,Malú
Melendi,Manuel Carrasco
Melendi,Andy & Lucas
Melendi,Fito y Fitipaldis
Melendi,Maldita Nerea
Melendi,India Martinez
Melendi,Beret
Melendi,Vanesa Martín
Melendi,Pablo López
Melendi,El Barrio
Melendi,Pablo Alborán
Melendi,Fondo Flamenco
Melendi,Pereza
Melendi,Bustamante
Melendi,El Sueño de Morfeo
El Canto Del Loco,Pereza
El Canto Del Loco,Dani Martín
El Canto Del Loco,Pignoise
El Canto Del Loco,Maldita Nerea
El Canto Del Loco,El Sueño de Morfeo
El Canto Del Loco,Despistaos
El Canto Del Loco,Estopa
El Canto Del Loco,Amaral
El Canto Del Loco,Efecto Mariposa
El Canto Del Loco,Nena Daconte
El Canto Del Loco,M-Clan
El Canto Del Loco,Fito y Fitipaldis
El Canto Del Loco,Leiva
El Canto Del Loco,Melocos
El Canto Del Loco,David Otero
El Canto Del Loco,Seguridad Social
El Canto Del Loco,Melendi
El Canto Del Loco,Celtas Cortos
El Canto Del Loco,Taburete
El Canto Del Loco,Efecto Pasillo
Fito y Fitipaldis,Platero Y Tu
Fito y Fitipaldis,M-Clan
Fito y Fitipaldis,Celtas Cortos
Fito y Fitipaldis,Loquillo
Fito y Fitipaldis,Rosendo
Fito y Fitipaldis,La Fuga
Fito y Fitipaldis,Pereza
Fito y Fitipaldis,Extremoduro
Fito y Fitipaldis,Loquillo Y Los Trogloditas
Fito y Fitipaldis,Marea
Fito y Fitipaldis,Estopa
Fito y Fitipaldis,Manolo Garcia
Fito y Fitipaldis,El Canto Del Loco
Fito y Fitipaldis,El Último De La Fila
Fito y Fitipaldis,Los Secretos
Fito y Fitipaldis,Seguridad Social
Fito y Fitipaldis,Leiva
Fito y Fitipaldis,Los Suaves
Fito y Fitipaldis,Barricada
Fito y Fitipaldis,Tequila
Bongo Botrako,La Pegatina
Bongo Botrako,Canteca de macao
Bongo Botrako,Alamedadosoulna
Bongo Botrako,Obrint Pas
Bongo Botrako,Trashtucada
Bongo Botrako,La Gossa Sorda
Bongo Botrako,Muchachito Bombo Infierno
Bongo Botrako,El Puchero Del Hortelano
Bongo Botrako,Pirat's Sound Sistema
Bongo Botrako,La Pulquería
Bongo Botrako,La Troba Kung-Fú
Bongo Botrako,Strombers
Bongo Botrako,La Raíz
Bongo Botrako,Aspencat
Bongo Botrako,Zulu 9.30
Bongo Botrako,El Niño de la Hipoteca
Bongo Botrako,Che Sudaka
Bongo Botrako,Itaca Band
Bongo Botrako,Boikot
Bongo Botrako,Eskorzo
Alberto Gambino,Hermano L
Alberto Gambino,Chulito Camacho
Alberto Gambino,Gordo Master
Alberto Gambino,Shabu
Alberto Gambino,Putolargo
Alberto Gambino,Duo Kie
Alberto Gambino,Crew Cuervos
Alberto Gambino,Little Pepe
Alberto Gambino,La Puta Opepé
Alberto Gambino,Accion Sanchez
Alberto Gambino,Iván Nieto
Alberto Gambino,Kultama
Alberto Gambino,Jefe de la M
Alberto Gambino,Mr. Rango
Alberto Gambino,Hazhe
Alberto Gambino,Darmo
Alberto Gambino,Dogma Crew
Alberto Gambino,Legendario
Alberto Gambino,"Zatu, Gordo Master, Little Pepe y Nigasswing"
Alberto Gambino,Capaz
La Pegatina,Bongo Botrako
La Pegatina,La Raíz
La Pegatina,La Gossa Sorda
La Pegatina,El Niño de la Hipoteca
La Pegatina,Obrint Pas
La Pegatina,Itaca Band
La Pegatina,Aspencat
La Pegatina,Canteca de macao
La Pegatina,Muchachito Bombo Infierno
La Pegatina,ZOO
La Pegatina,El Puchero Del Hortelano
La Pegatina,Txarango
La Pegatina,Trashtucada
La Pegatina,Auxili
La Pegatina,Boikot
La Pegatina,Lágrimas De Sangre
La Pegatina,Ciudad Jara
La Pegatina,Los De Marras
La Pegatina,Los Delinquentes
La Pegatina,mafalda
Obrint Pas,La Gossa Sorda
Obrint Pas,Xavi Sarrià
Obrint Pas,Pirat's Sound Sistema
Obrint Pas,Aspencat
Obrint Pas,Auxili
Obrint Pas,Atupa
Obrint Pas,Brams
Obrint Pas,Atzembla
Obrint Pas,Inadaptats
Obrint Pas,El Diluvi
Obrint Pas,Smoking Souls
Obrint Pas,XEIC!
Obrint Pas,Strombers
Obrint Pas,VaDeBo
Obrint Pas,At Versaris
Obrint Pas,EBRI KNIGHT
Obrint Pas,Dr. Calypso
Obrint Pas,KOP
Obrint Pas,ZOO
Obrint Pas,Pupil·les
Xavi Sarrià,Atzembla
Xavi Sarrià,El Diluvi
Xavi Sarrià,Atupa
Xavi Sarrià,VaDeBo
Xavi Sarrià,Smoking Souls
Xavi Sarrià,Pupil·les
Xavi Sarrià,Auxili
Xavi Sarrià,Obrint Pas
Xavi Sarrià,Aspencat
Xavi Sarrià,XEIC!
Xavi Sarrià,"Pep Gimeno ""Botifarra"""
Xavi Sarrià,Feliu Ventura
Xavi Sarrià,Pirat's Sound Sistema
Xavi Sarrià,Prozak Soup
Xavi Sarrià,Roba Estesa
Xavi Sarrià,Cactus
Xavi Sarrià,La Gossa Sorda
Xavi Sarrià,Malifeta
Xavi Sarrià,EBRI KNIGHT
Xavi Sarrià,La Maria
Estopa,El Canto Del Loco
Estopa,Fito y Fitipaldis
Estopa,Pereza
Estopa,Melendi
Estopa,Manolo Garcia
Estopa,Extremoduro
Estopa,Los Delinquentes
Estopa,El Barrio
Estopa,Pignoise
Estopa,Maldita Nerea
Estopa,Marea
Estopa,Café Quijano
Estopa,Dani Martín
Estopa,Amaral
Estopa,Fondo Flamenco
Estopa,La Fuga
Estopa,El Arrebato
Estopa,Antonio Orozco
Estopa,Despistaos
Estopa,Celtas Cortos
Fondo Flamenco,Los Rebujitos
Fondo Flamenco,Decai
Fondo Flamenco,La Húngara
Fondo Flamenco,Demarco Flamenco
Fondo Flamenco,Sergio Contreras
Fondo Flamenco,El Tren de los Sueños
Fondo Flamenco,Los Caños
Fondo Flamenco,Canelita
Fondo Flamenco,Nolasco
Fondo Flamenco,Andy & Lucas
Fondo Flamenco,Sinlache
Fondo Flamenco,María Artés
Fondo Flamenco,Maki
Fondo Flamenco,Kiko y Shara
Fondo Flamenco,El Barrio
Fondo Flamenco,Camela
Fondo Flamenco,Algiva
Fondo Flamenco,Nyno Vargas
Fondo Flamenco,El Suso
Fondo Flamenco,Junco
Pereza,Sidecars
Pereza,Despistaos
Pereza,Leiva
Pereza,M-Clan
Pereza,Pignoise
Pereza,Maldita Nerea
Pereza,El Canto Del Loco
Pereza,Los Piratas
Pereza,Rubén Pozo
Pereza,Nena Daconte
Pereza,Rulo y la contrabanda
Pereza,La Fuga
Pereza,Pol 3.14
Pereza,Ivan Ferreiro
Pereza,Supersubmarina
Pereza,Melocos
Pereza,Amaral
Pereza,Efecto Mariposa
Pereza,Celtas Cortos
Pereza,Funambulista
Juan Aguirre,Paulino Bernal Jr.
Juan Aguirre,Hormiga
Juan Aguirre,Crystal y Wendy
Juan Aguirre,Inmer Benitez
Juan Aguirre,Los Hijos Del Rey
La La Love You,ELYELLA
La La Love You,Samuraï
La La Love You,Veintiuno
La La Love You,Ginebras
La La Love You,MARLENA
La La Love You,Viva Suecia
La La Love You,DePol
La La Love You,Malmö 040
La La Love You,Shinova
La La Love You,Arde Bogotá
La La Love You,Marlon
La La Love You,Cariño
La La Love You,Karavana
La La Love You,Miss Caffeina
La La Love You,Siloé
La La Love You,Mikel Izal
La La Love You,Carolina Durante
La La Love You,Varry Brava
La La Love You,Niña Polaca
La La Love You,La Maravillosa Orquesta del Alcohol
YOVNGCHIMI,Hades66
YOVNGCHIMI,Yeruza
YOVNGCHIMI,CDobleta
YOVNGCHIMI,Hydro
YOVNGCHIMI,Dei V
YOVNGCHIMI,Luar La L
YOVNGCHIMI,Omar Courtz
YOVNGCHIMI,Ankhal
YOVNGCHIMI,Hanzel La H
YOVNGCHIMI,Pressure 9X19
YOVNGCHIMI,ROA
YOVNGCHIMI,Anubiis
YOVNGCHIMI,Almighty
YOVNGCHIMI,Hozwal
YOVNGCHIMI,Amarion
YOVNGCHIMI,Juliito
YOVNGCHIMI,Eladio Carrion
YOVNGCHIMI,Omy de Oro
YOVNGCHIMI,Haze
YOVNGCHIMI,Alvaro Diaz
Plan B,Chencho Corleone
Plan B,"Héctor ""El Father"""
Plan B,Ñengo Flow
Plan B,Wisin & Yandel
Plan B,Don Omar
Plan B,J Alvarez
Plan B,Cosculluela
Plan B,Tego Calderón
Plan B,Baby Rasta & Gringo
Plan B,De La Ghetto
Plan B,Tony Dize
Plan B,Jowell & Randy
Plan B,Yandel
Plan B,Arcángel
Plan B,Ñejo
Plan B,Ryan Castro
Plan B,"Tito ""El Bambino"""
Plan B,Ñejo & Dalmata
Plan B,Hector & Tito
Plan B,Zion
SAIKO,JC Reyes
SAIKO,Quevedo
SAIKO,DELLAFUENTE
SAIKO,Rvfv
SAIKO,Dei V
SAIKO,Mora
SAIKO,Raul Clyde
SAIKO,Cano
SAIKO,Omar Montes
SAIKO,GARABATTO
SAIKO,Pedro Calderon
SAIKO,Soge Culebra
SAIKO,Alejo
SAIKO,Funzo & Baby Loud
SAIKO,Lucho RK
SAIKO,Alvaro Diaz
SAIKO,Cruz Cafuné
SAIKO,Sky Rompiendo
SAIKO,Jhayco
SAIKO,Juseph
Anuel AA,Bryant Myers
Anuel AA,Myke Towers
Anuel AA,Noriel
Anuel AA,Ñengo Flow
Anuel AA,Arcángel
Anuel AA,Jhayco
Anuel AA,Eladio Carrion
Anuel AA,Jon Z
Anuel AA,Lunay
Anuel AA,Ozuna
Anuel AA,Sech
Anuel AA,Brytiago
Anuel AA,Rauw Alejandro
Anuel AA,Miky Woodz
Anuel AA,Farruko
Anuel AA,Cosculluela
Anuel AA,Darell
Anuel AA,Mora
Anuel AA,Lary Over
Anuel AA,De La Ghetto
Haze,De La Rose
Haze,Gaby Music
Haze,Omar Courtz
Haze,Caleb Calloway
Haze,ROA
Haze,Karbeats
Haze,Sky Rompiendo
Haze,Alejo
Haze,iZaak
Haze,lil joujou
Haze,Hydro
Haze,Brray
Haze,Nekxum
Haze,Mambo Kingz
Haze,Foreign Teck
Haze,ICON
Haze,paopao
Haze,Jan Blakeee
Haze,Kris Floyd
Haze,Papi Sousa
6ix9ine,Lil Pump
6ix9ine,Lil Xan
6ix9ine,Smokepurpp
6ix9ine,Rich The Kid
6ix9ine,Lil Skies
6ix9ine,Famous Dex
6ix9ine,YBN Nahmir
6ix9ine,Desiigner
6ix9ine,BlocBoy JB
6ix9ine,Lil Mosey
6ix9ine,Trippie Redd
6ix9ine,Quavo
6ix9ine,Migos
6ix9ine,Tyga
6ix9ine,Rae Sremmurd
6ix9ine,Lil Yachty
6ix9ine,Blueface
6ix9ine,Sheck Wes
6ix9ine,Kodak Black
6ix9ine,Offset
Daddy Yankee,Nicky Jam
Daddy Yankee,Wisin & Yandel
Daddy Yankee,Wisin
Daddy Yankee,Yandel
Daddy Yankee,Don Omar
Daddy Yankee,Zion & Lennox
Daddy Yankee,Farruko
Daddy Yankee,De La Ghetto
Daddy Yankee,Alexis y Fido
Daddy Yankee,J Balvin
Daddy Yankee,Ozuna
Daddy Yankee,"Tito ""El Bambino"""
Daddy Yankee,Tego Calderón
Daddy Yankee,Arcángel
Daddy Yankee,Maluma
Daddy Yankee,Jowell & Randy
Daddy Yankee,Tony Dize
Daddy Yankee,Zion
Daddy Yankee,NATTI NATASHA
Daddy Yankee,J Alvarez
Jay Wheeler,Chris Lebron
Jay Wheeler,Lenny Tavárez
Jay Wheeler,Javiielo
Jay Wheeler,Beéle
Jay Wheeler,Dalex
Jay Wheeler,Justin Quiles
Jay Wheeler,Lyanno
Jay Wheeler,Sech
Jay Wheeler,Alex Rose
Jay Wheeler,Juhn
Jay Wheeler,Luar La L
Jay Wheeler,DJ Nelson
Jay Wheeler,Darell
Jay Wheeler,Jhayco
Jay Wheeler,Miky Woodz
Jay Wheeler,Myke Towers
Jay Wheeler,Lunay
Jay Wheeler,Brytiago
Jay Wheeler,Amenazzy
Jay Wheeler,Nio Garcia
DJ Nelson,Don Chezina
DJ Nelson,Eddie Dee
DJ Nelson,Alberto Stylee
DJ Nelson,Tempo
DJ Nelson,Cheka
DJ Nelson,Yomo
DJ Nelson,Baby Rasta
DJ Nelson,Voltio
DJ Nelson,Gadiel
DJ Nelson,Luny Tunes
DJ Nelson,Casa De Leones
DJ Nelson,Andy Boy
DJ Nelson,Magnate
DJ Nelson,Trebol Clan
DJ Nelson,Yaviah
DJ Nelson,Yaga & Mackie
DJ Nelson,Jadiel
DJ Nelson,Lito y Polaco
DJ Nelson,Wibal Y Alex
DJ Nelson,Randy
Danny Ocean,Piso 21
Danny Ocean,Mike Bahía
Danny Ocean,Manuel Turizo
Danny Ocean,Mau y Ricky
Danny Ocean,Joey Montana
Danny Ocean,Zion & Lennox
Danny Ocean,Cali Y El Dandee
Danny Ocean,Manuel Medrano
Danny Ocean,LAGOS
Danny Ocean,Justin Quiles
Danny Ocean,Nacho
Danny Ocean,CNCO
Danny Ocean,Yandel
Danny Ocean,Chino & Nacho
Danny Ocean,Alkilados
Danny Ocean,Lalo Ebratt
Danny Ocean,Wisin
Danny Ocean,Sech
Danny Ocean,Andy Rivera
Danny Ocean,Dalex
Fuego,Dyland & Lenny
Fuego,José de Rico
Fuego,Charly Rodriguez
Fuego,Danny Romero
Fuego,Buxxi
Fuego,Big Yamo
Fuego,Eddy Lover
Fuego,Juan Magán
Fuego,Henry Mendez
Fuego,Dr. Bellido
Fuego,Randy
Fuego,Omega
Fuego,Don Miguelo
Fuego,Angel Y Khriz
Fuego,Jay Santos
Fuego,Gocho
Fuego,Flex
Fuego,WE$T DUBAI
Fuego,Alex Sensation
Fuego,Mozart La Para
Manuel Turizo,Piso 21
Manuel Turizo,Mau y Ricky
Manuel Turizo,Sebastian Yatra
Manuel Turizo,Nacho
Manuel Turizo,Danny Ocean
Manuel Turizo,NATTI NATASHA
Manuel Turizo,Mike Bahía
Manuel Turizo,Cali Y El Dandee
Manuel Turizo,Greeicy
Manuel Turizo,CNCO
Manuel Turizo,Zion & Lennox
Manuel Turizo,Wisin
Manuel Turizo,Yandel
Manuel Turizo,Farruko
Manuel Turizo,Justin Quiles
Manuel Turizo,Nicky Jam
Manuel Turizo,Andy Rivera
Manuel Turizo,Reik
Manuel Turizo,Joey Montana
Manuel Turizo,Sech
Duki,YSY A
Duki,KHEA
Duki,LIT killah
Duki,Bhavi
Duki,Tiago PZK
Duki,C.R.O
Duki,Trueno
Duki,Rusherking
Duki,Neo Pistea
Duki,WOS
Duki,FMK
Duki,Seven Kayne
Duki,Nicki Nicole
Duki,Milo j
Duki,Emilia
Duki,Bizarrap
Duki,Rei
Duki,ECKO
Duki,Lucho SSJ
Duki,Kidd Keo
El Super Nuevo,Liro Shaq
El Super Nuevo,La Nueva Escuela
El Super Nuevo,Paramba
El Super Nuevo,Musicologo The Libro
El Super Nuevo,El Mayor Clasico
El Super Nuevo,Toxic Crow
El Super Nuevo,Milka La Mas Dura
El Super Nuevo,Bulova
El Super Nuevo,Los Teke Teke
El Super Nuevo,El Fother
El Super Nuevo,Sujeto Oro 24
El Super Nuevo,Jc La Nevula
El Super Nuevo,Ceky Viciny
El Super Nuevo,Crazy Design
El Super Nuevo,El Chuape
El Super Nuevo,Quimico Ultra Mega
El Super Nuevo,Poeta Callejero
El Super Nuevo,Shelow Shaq
El Super Nuevo,Vakero
El Super Nuevo,Atomic Otro Way
Farruko,J Alvarez
Farruko,Wisin
Farruko,Yandel
Farruko,Zion & Lennox
Farruko,Cosculluela
Farruko,De La Ghetto
Farruko,Nicky Jam
Farruko,"Tito ""El Bambino"""
Farruko,Alexis y Fido
Farruko,Zion
Farruko,Jowell & Randy
Farruko,Baby Rasta & Gringo
Farruko,Wisin & Yandel
Farruko,Justin Quiles
Farruko,Tony Dize
Farruko,Tego Calderón
Farruko,Baby Rasta
Farruko,Arcángel
Farruko,Sech
Farruko,Noriel
Ñengo Flow,Cosculluela
Ñengo Flow,Ele A El Dominio
Ñengo Flow,Ñejo
Ñengo Flow,Darell
Ñengo Flow,Noriel
Ñengo Flow,Luigi 21 Plus
Ñengo Flow,Miky Woodz
Ñengo Flow,"Gotay ""El Autentiko"""
Ñengo Flow,Bryant Myers
Ñengo Flow,Jamby El Favo
Ñengo Flow,Baby Rasta
Ñengo Flow,De La Ghetto
Ñengo Flow,Almighty
Ñengo Flow,Jon Z
Ñengo Flow,Brytiago
Ñengo Flow,Trap Capos
Ñengo Flow,Jory Boy
Ñengo Flow,Lary Over
Ñengo Flow,Darkiel
Ñengo Flow,Luar La L
DJ Luian,Mambo Kingz
DJ Luian,Casper Magico
DJ Luian,DJ Nelson
DJ Luian,Darell
DJ Luian,Pepe Quintana
DJ Luian,Jory Boy
DJ Luian,Chris Jedi
DJ Luian,Pusho
DJ Luian,Amenazzy
DJ Luian,Cauty
DJ Luian,Noriel
DJ Luian,Juhn
DJ Luian,Lary Over
DJ Luian,Alex Rose
DJ Luian,Gigolo Y La Exce
DJ Luian,Brytiago
DJ Luian,Rvssian
DJ Luian,Lyanno
DJ Luian,Los De La Nazza
DJ Luian,Miky Woodz
Mambo Kingz,DJ Luian
Mambo Kingz,Pepe Quintana
Mambo Kingz,Dayme y El High
Mambo Kingz,Musicologo Y Menes
Mambo Kingz,Los De La Nazza
Mambo Kingz,D.OZi
Mambo Kingz,Trap Capos
Mambo Kingz,Jowell Y Randy Feat. Delagettho
Mambo Kingz,Sinfonico
Mambo Kingz,Sammy & Falsetto
Mambo Kingz,Santana the Golden Boy
Mambo Kingz,Pusho
Mambo Kingz,Anonimus
Mambo Kingz,Super Yei
Mambo Kingz,Brray
Mambo Kingz,Haze
Mambo Kingz,Gigolo Y La Exce
Mambo Kingz,Mym
Mambo Kingz,Jowell
Mambo Kingz,Maximus Wel
Bryant Myers,Noriel
Bryant Myers,Brytiago
Bryant Myers,Miky Woodz
Bryant Myers,Ñengo Flow
Bryant Myers,Dei V
Bryant Myers,Darell
Bryant Myers,Lary Over
Bryant Myers,Luar La L
Bryant Myers,Jon Z
Bryant Myers,Alex Rose
Bryant Myers,Ele A El Dominio
Bryant Myers,Amenazzy
Bryant Myers,YOVNGCHIMI
Bryant Myers,Trap Capos
Bryant Myers,Cosculluela
Bryant Myers,Juhn
Bryant Myers,DJ Luian
Bryant Myers,Jhayco
Bryant Myers,KEVIN ROLDAN
Bryant Myers,Almighty
LIT killah,Tiago PZK
LIT killah,Rusherking
LIT killah,KHEA
LIT killah,Seven Kayne
LIT killah,FMK
LIT killah,Bhavi
LIT killah,Neo Pistea
LIT killah,Trueno
LIT killah,Dani Ribba
LIT killah,Duki
LIT killah,YSY A
LIT killah,WOS
LIT killah,Rei
LIT killah,C.R.O
LIT killah,Nicki Nicole
LIT killah,Asan
LIT killah,Lucho SSJ
LIT killah,ECKO
LIT killah,Frijo
LIT killah,Oscu
Tiago PZK,Rusherking
Tiago PZK,LIT killah
Tiago PZK,FMK
Tiago PZK,KHEA
Tiago PZK,Emilia
Tiago PZK,Nicki Nicole
Tiago PZK,Big One
Tiago PZK,Trueno
Tiago PZK,Duki
Tiago PZK,Rei
Tiago PZK,Maria Becerra
Tiago PZK,Dani Ribba
Tiago PZK,YSY A
Tiago PZK,Bhavi
Tiago PZK,Seven Kayne
Tiago PZK,Luck Ra
Tiago PZK,Asan
Tiago PZK,WOS
Tiago PZK,L-Gante
Tiago PZK,Milo j
Maria Becerra,Emilia
Maria Becerra,Rusherking
Maria Becerra,FMK
Maria Becerra,TINI
Maria Becerra,Big One
Maria Becerra,La Joaqui
Maria Becerra,Tiago PZK
Maria Becerra,Nicki Nicole
Maria Becerra,Lali
Maria Becerra,Luck Ra
Maria Becerra,BM
Maria Becerra,MYA
Maria Becerra,LIT killah
Maria Becerra,Migrantes
Maria Becerra,Cazzu
Maria Becerra,Callejero Fino
Maria Becerra,Rei
Maria Becerra,Alan Gomez
Maria Becerra,Ke Personajes
Maria Becerra,Duki
Emilia,Rusherking
Emilia,Big One
Emilia,FMK
Emilia,Maria Becerra
Emilia,Luck Ra
Emilia,BM
Emilia,Tiago PZK
Emilia,TINI
Emilia,La Joaqui
Emilia,Lali
Emilia,Migrantes
Emilia,MYA
Emilia,Nicki Nicole
Emilia,DJ Tao
Emilia,LIT killah
Emilia,Marama
Emilia,Lauty Gram
Emilia,Mesita
Emilia,Rei
Emilia,Alan Gomez
Rusherking,FMK
Rusherking,Big One
Rusherking,Luck Ra
Rusherking,Migrantes
Rusherking,Tiago PZK
Rusherking,Emilia
Rusherking,MYA
Rusherking,Rei
Rusherking,BM
Rusherking,LIT killah
Rusherking,Asan
Rusherking,Seven Kayne
Rusherking,Dani Ribba
Rusherking,DJ Tao
Rusherking,Mesita
Rusherking,Maria Becerra
Rusherking,KHEA
Rusherking,Emanero
Rusherking,Peipper
Rusherking,Lauty Gram
Big One,FMK
Big One,BM
Big One,Migrantes
Big One,Luck Ra
Big One,Rusherking
Big One,Peipper
Big One,DJ Tao
Big One,Emanero
Big One,Emilia
Big One,Mesita
Big One,Lauty Gram
Big One,La T y La M
Big One,Roze Oficial
Big One,Ulises Bueno
Big One,ZECCA
Big One,Callejero Fino
Big One,Ke Personajes
Big One,Marama
Big One,Alan Gomez
Big One,MYA
FMK,Big One
FMK,Rusherking
FMK,Migrantes
FMK,Luck Ra
FMK,Rei
FMK,Seven Kayne
FMK,Tiago PZK
FMK,LIT killah
FMK,Emilia
FMK,Dani Ribba
FMK,MYA
FMK,ECKO
FMK,Mesita
FMK,BM
FMK,Asan
FMK,Neo Pistea
FMK,DJ Tao
FMK,Bhavi
FMK,Emanero
FMK,KHEA
Sech,Dalex
Sech,Justin Quiles
Sech,Lenny Tavárez
Sech,Lunay
Sech,Jay Wheeler
Sech,Darell
Sech,Alex Rose
Sech,Myke Towers
Sech,Jhayco
Sech,Farruko
Sech,Noriel
Sech,Yandel
Sech,Brytiago
Sech,De La Ghetto
Sech,Arcángel
Sech,Zion & Lennox
Sech,Rich Music LTD
Sech,Nio Garcia
Sech,Rauw Alejandro
Sech,Piso 21
Zion,Baby Rasta
Zion,Dalmata
Zion,Luny Tunes
Zion,Hector & Tito
Zion,Baby Rasta & Gringo
Zion,Alexis y Fido
Zion,Tony Dize
Zion,Jadiel
Zion,"Tito ""El Bambino"""
Zion,Jowell & Randy
Zion,Magnate Y Valentino
Zion,Ñejo & Dalmata
Zion,Zion & Lennox
Zion,Yomo
Zion,Trebol Clan
Zion,De La Ghetto
Zion,Angel Y Khriz
Zion,Ivy Queen
Zion,Nova y Jory
Zion,Divino
Zion & Lennox,Zion
Zion & Lennox,Alexis y Fido
Zion & Lennox,Wisin
Zion & Lennox,Tony Dize
Zion & Lennox,Jowell & Randy
Zion & Lennox,"Tito ""El Bambino"""
Zion & Lennox,Baby Rasta & Gringo
Zion & Lennox,Luny Tunes
Zion & Lennox,Baby Rasta
Zion & Lennox,J Alvarez
Zion & Lennox,Yandel
Zion & Lennox,De La Ghetto
Zion & Lennox,Hector & Tito
Zion & Lennox,Dalmata
Zion & Lennox,Angel Y Khriz
Zion & Lennox,Tego Calderón
Zion & Lennox,Ivy Queen
Zion & Lennox,Cosculluela
Zion & Lennox,Wisin & Yandel
Zion & Lennox,Ñejo & Dalmata
Wisin,Yandel
Wisin,"Tito ""El Bambino"""
Wisin,Zion & Lennox
Wisin,Alexis y Fido
Wisin,Zion
Wisin,Hector & Tito
Wisin,Tony Dize
Wisin,Luny Tunes
Wisin,J Alvarez
Wisin,Baby Rasta & Gringo
Wisin,Jowell & Randy
Wisin,Baby Rasta
Wisin,Wisin & Yandel
Wisin,De La Ghetto
Wisin,Nicky Jam
Wisin,Angel Y Khriz
Wisin,Cosculluela
Wisin,Tego Calderón
Wisin,Ivy Queen
Wisin,Farruko
Super Yei,Sammy
Super Yei,Jone Quest
Super Yei,Sammy & Falsetto
Super Yei,Los De La Nazza
Super Yei,Juanka
Super Yei,Pusho
Super Yei,Gigolo Y La Exce
Super Yei,Benny Benni
Super Yei,Santana the Golden Boy
Super Yei,Dayme y El High
Super Yei,Anonimus
Super Yei,Pepe Quintana
Super Yei,"Gotay ""El Autentiko"""
Super Yei,Marvel Boy
Super Yei,Sinfonico
Super Yei,Rafa Pabön
Super Yei,Darkiel
Super Yei,Joniel
Super Yei,D.OZi
Super Yei,Jowell Y Randy Feat. Delagettho
Jone Quest,Sammy
Jone Quest,Sammy
Jone Quest,Towy
Jone Quest,Killatonez
Jone Quest,Super Yei
Jone Quest,Osquel
Jone Quest,Young Izak
Jone Quest,Baby Johnny
Jone Quest,Xander el Imaginario
Jone Quest,Jetson El Super
Jone Quest,Sniper SP
Jone Quest,John Jay
Jone Quest,Zyron
Jone Quest,Genio
Jone Quest,Urba y Rome
Jone Quest,Genio El Mutante
Jone Quest,Mambo Kingz
Jone Quest,Eix
Jone Quest,Pancho el de la Avenida
Jone Quest,Paulino Rey
Sammy,Jone Quest
Sammy,Super Yei
Sammy,Sammy
Sammy,TATOOL
Sammy,Haze
Sammy,Tunvao
Sammy,Mambo Kingz
Sammy,Gringo
Sammy,Sky Rompiendo
Sammy,Yannc
Sammy,Brray
Sammy,GARABATTO
Sammy,Nes
Sammy,Sammy & Falsetto
Sammy,Los Patos Feos Inc
Sammy,Los De La Nazza
Sammy,Towy
Sammy,Linton
Sammy,Taiu
Sammy,Mr. Naisgai
Lenny Tavárez,Lyanno
Lenny Tavárez,Gigolo Y La Exce
Lenny Tavárez,Dalex
Lenny Tavárez,Juhn
Lenny Tavárez,Dímelo Flow
Lenny Tavárez,Justin Quiles
Lenny Tavárez,Rich Music LTD
Lenny Tavárez,Alex Rose
Lenny Tavárez,Rafa Pabön
Lenny Tavárez,Darkiel
Lenny Tavárez,Darell
Lenny Tavárez,Pusho
Lenny Tavárez,Jay Wheeler
Lenny Tavárez,Jerry Di
Lenny Tavárez,Brytiago
Lenny Tavárez,Super Yei
Lenny Tavárez,Javiielo
Lenny Tavárez,KEVIN ROLDAN
Lenny Tavárez,Juanka
Lenny Tavárez,Nio Garcia
Rafa Pabön,Kobi Cantillo
Rafa Pabön,Marval
Rafa Pabön,Jay Menez
Rafa Pabön,Joniel
Rafa Pabön,Gigolo Y La Exce
Rafa Pabön,Joyce Santana
Rafa Pabön,Chris Wandell
Rafa Pabön,Lyanno
Rafa Pabön,iZaak
Rafa Pabön,Santana the Golden Boy
Rafa Pabön,Anonimus
Rafa Pabön,Cauty
Rafa Pabön,Menor Menor
Rafa Pabön,Pusho
Rafa Pabön,Dímelo Flow
Rafa Pabön,Kelmitt
Rafa Pabön,Sou El Flotador
Rafa Pabön,Juhn
Rafa Pabön,Pacho El Antifeka
Rafa Pabön,Brray
Eladio Carrion,YOVNGCHIMI
Eladio Carrion,Dei V
Eladio Carrion,Mora
Eladio Carrion,Luar La L
Eladio Carrion,Jhayco
Eladio Carrion,Myke Towers
Eladio Carrion,Bryant Myers
Eladio Carrion,Alvaro Diaz
Eladio Carrion,Tainy
Eladio Carrion,SAIKO
Eladio Carrion,Arcángel
Eladio Carrion,Jamby El Favo
Eladio Carrion,Quevedo
Eladio Carrion,Hades66
Eladio Carrion,Feid
Eladio Carrion,Miky Woodz
Eladio Carrion,Ñengo Flow
Eladio Carrion,Jay Wheeler
Eladio Carrion,Jon Z
Eladio Carrion,Duki
Taiu,TATOOL
Taiu,Foking
Taiu,Akim 88
Taiu,AFTER
Taiu,ZECCA
Taiu,Yami Safdie
Taiu,Omar Varela
Taiu,MYKKA
Taiu,Milo j
Taiu,Hot Plug Beats
Taiu,Evlay
Taiu,Linton
Taiu,Bhavi
Taiu,Trueno
Taiu,Tunvao
Taiu,LiL CaKe
Taiu,Nicki Nicole
Taiu,Big One
Taiu,SPONSOR DIOS
Taiu,Moree Neri
Milo j,YSY A
Milo j,Bhavi
Milo j,Trueno
Milo j,Nicki Nicole
Milo j,Duki
Milo j,ONIRIA
Milo j,Tiago PZK
Milo j,Taiu
Milo j,SPONSOR DIOS
Milo j,LIT killah
Milo j,C.R.O
Milo j,WOS
Milo j,Mesita
Milo j,Bizarrap
Milo j,Rusherking
Milo j,KHEA
Milo j,Emilia
Milo j,Dillom
Milo j,Luck Ra
Milo j,Big One
Morat,Beret
Morat,Dvicio
Morat,Reik
Morat,Piso 21
Morat,Jesse & Joy
Morat,Sebastian Yatra
Morat,Manuel Medrano
Morat,Cali Y El Dandee
Morat,Aitana
Morat,Danny Ocean
Morat,Ha*Ash
Morat,Mike Bahía
Morat,Ventino
Morat,Manuel Turizo
Morat,Danna Paola
Morat,Lasso
Morat,Greeicy
Morat,Mau y Ricky
Morat,CNCO
Morat,Matisse
Juanes,Bacilos
Juanes,Alex Ubago
Juanes,La Quinta Estacion
Juanes,Diego Torres
Juanes,Carlos Baute
Juanes,Carlos Vives
Juanes,Fanny Lu
Juanes,Sin Bandera
Juanes,Franco De Vita
Juanes,Camila
Juanes,Aleks Syntek
Juanes,La Oreja de Van Gogh
Juanes,Fonseca
Juanes,Chayanne
Juanes,Paulina Rubio
Juanes,Maná
Juanes,David Bisbal
Juanes,Kalimba
Juanes,Alejandro Sanz
Juanes,Miguel Bosé
The Tyets,Figa Flawas
The Tyets,Mushkaa
The Tyets,Flashy Ice Cream
The Tyets,Julieta
The Tyets,Oques Grasses
The Tyets,Buhos
The Tyets,La Fúmiga
The Tyets,Stay Homas
The Tyets,Els Catarres
The Tyets,Lildami
The Tyets,31 FAM
The Tyets,Ginestà
The Tyets,Doctor Prats
The Tyets,Joan Dausà
The Tyets,Triquell
The Tyets,Sexenni
The Tyets,Els Amics De Les Arts
The Tyets,Txarango
The Tyets,Suu
The Tyets,dani6ix
Alvaro Soler,Nico Santos
Alvaro Soler,Marquess
Alvaro Soler,Wincent Weiss
Alvaro Soler,Lena
Alvaro Soler,Max Giesinger
Alvaro Soler,Michael Patrick Kelly
Alvaro Soler,Baby K
Alvaro Soler,Mark Forster
Alvaro Soler,Rea Garvey
Alvaro Soler,Benji & Fede
Alvaro Soler,Michael Schulte
Alvaro Soler,Johannes Oerding
Alvaro Soler,Fabio Rovazzi
Alvaro Soler,Giusy Ferreri
Alvaro Soler,Adel Tawil
Alvaro Soler,Luca Hänni
Alvaro Soler,Tim Bendzko
Alvaro Soler,Andreas Bourani
Alvaro Soler,J-AX
Alvaro Soler,Namika
Álvaro De Luna,DePol
Álvaro De Luna,Marlon
Álvaro De Luna,MARLENA
Álvaro De Luna,Nil Moliner
Álvaro De Luna,Dani Fernández
Álvaro De Luna,Sinsinati
Álvaro De Luna,Vicco
Álvaro De Luna,Bombai
Álvaro De Luna,Noan
Álvaro De Luna,Lérica
Álvaro De Luna,Paula Koops
Álvaro De Luna,Enol
Álvaro De Luna,Pole.
Álvaro De Luna,Marmi
Álvaro De Luna,Chanel
Álvaro De Luna,Marta Santos
Álvaro De Luna,Ana Mena
Álvaro De Luna,Malmö 040
Álvaro De Luna,La La Love You
Álvaro De Luna,Funambulista
Cali Y El Dandee,Juan Magán
Cali Y El Dandee,Chino & Nacho
Cali Y El Dandee,Danny Romero
Cali Y El Dandee,Dyland & Lenny
Cali Y El Dandee,Alkilados
Cali Y El Dandee,Joey Montana
Cali Y El Dandee,José de Rico
Cali Y El Dandee,Abraham Mateo
Cali Y El Dandee,Piso 21
Cali Y El Dandee,Mike Bahía
Cali Y El Dandee,Chyno Miranda
Cali Y El Dandee,Nacho
Cali Y El Dandee,Reykon
Cali Y El Dandee,Pasabordo
Cali Y El Dandee,Dragon & Caballero
Cali Y El Dandee,CNCO
Cali Y El Dandee,Makano
Cali Y El Dandee,Wolfine
Cali Y El Dandee,Alexis y Fido
Cali Y El Dandee,Zion & Lennox
Buhos,Doctor Prats
Buhos,Els Catarres
Buhos,Oques Grasses
Buhos,Gertrudis
Buhos,Strombers
Buhos,Txarango
Buhos,Itaca Band
Buhos,Cesk Freixas
Buhos,Lax'n'Busto
Buhos,Suu
Buhos,La Fúmiga
Buhos,The Tyets
Buhos,Blaumut
Buhos,Lildami
Buhos,Gossos
Buhos,Els Pets
Buhos,Joan Dausà
Buhos,Auxili
Buhos,Els Amics De Les Arts
Buhos,Roba Estesa
Juan Magán,José de Rico
Juan Magán,Danny Romero
Juan Magán,Henry Mendez
Juan Magán,Cali Y El Dandee
Juan Magán,Dyland & Lenny
Juan Magán,Xriz
Juan Magán,Rasel
Juan Magán,Efecto Pasillo
Juan Magán,Gente De Zona
Juan Magán,Dasoul
Juan Magán,Chino & Nacho
Juan Magán,Charly Rodriguez
Juan Magán,Dr. Bellido
Juan Magán,Kiko Rivera
Juan Magán,Andy & Lucas
Juan Magán,Abraham Mateo
Juan Magán,Joey Montana
Juan Magán,Sergio Contreras
Juan Magán,Maldita Nerea
Victor Magan,Soqe
Victor Magan,Francesc Sentis
Victor Magan,Envi
Victor Magan,Marru
Victor Magan,Mon DJ
Victor Magan,Coco
Victor Magan,Lluís Gavaldà
Victor Magan,Marc Magán
Victor Magan,Magan & Rodríguez
Victor Magan,Alex De Guirior
Victor Magan,Josepo
Victor Magan,Scotty DK
Victor Magan,Els Amics de Manel
Victor Magan,Suvicc
Victor Magan,Mama Dousha
Victor Magan,Jose AM
Victor Magan,Sevasti
Victor Magan,David Cuello
Victor Magan,Sergi Domene
Victor Magan,Dany Bpm
Figa Flawas,roots
Figa Flawas,Flashy Ice Cream
Figa Flawas,Julieta
Figa Flawas,Mushkaa
Figa Flawas,Calagher
Figa Flawas,The Tyets
Figa Flawas,Sexenni
Figa Flawas,Mama Dousha
Figa Flawas,Scotty DK
Figa Flawas,dani6ix
Figa Flawas,31 FAM
Figa Flawas,IZZKID
Figa Flawas,enMatu
Figa Flawas,Ginestà
Figa Flawas,Lluc
Figa Flawas,La Fúmiga
Figa Flawas,Lluís Gavaldà
Figa Flawas,Lildami
Figa Flawas,Ven'nus
Figa Flawas,MARIA HEIN
Mushkaa,roots
Mushkaa,Julieta
Mushkaa,Flashy Ice Cream
Mushkaa,Figa Flawas
Mushkaa,Calagher
Mushkaa,31 FAM
Mushkaa,dani6ix
Mushkaa,IZZKID
Mushkaa,The Tyets
Mushkaa,enMatu
Mushkaa,Lluc
Mushkaa,jovedry
Mushkaa,MARIA HEIN
Mushkaa,Juls
Mushkaa,Sexenni
Mushkaa,Greta
Mushkaa,Ginestà
Mushkaa,Bexnil
Mushkaa,Lildami
Mushkaa,Ven'nus
Stay Homas,The Tyets
Stay Homas,Oques Grasses
Stay Homas,Figa Flawas
Stay Homas,Doctor Prats
Stay Homas,Buhos
Stay Homas,Els Catarres
Stay Homas,La Fúmiga
Stay Homas,Suu
Stay Homas,Joan Dausà
Stay Homas,Ginestà
Stay Homas,Txarango
Stay Homas,Lildami
Stay Homas,Els Amics De Les Arts
Stay Homas,Mushkaa
Stay Homas,Flashy Ice Cream
Stay Homas,Julieta
Stay Homas,ZOO
Stay Homas,Gertrudis
Stay Homas,Itaca Band
Stay Homas,Auxili
Els Amics De Les Arts,Els Pets
Els Amics De Les Arts,Manel
Els Amics De Les Arts,Gossos
Els Amics De Les Arts,Mishima
Els Amics De Les Arts,Antònia Font
Els Amics De Les Arts,Lax'n'Busto
Els Amics De Les Arts,Cesk Freixas
Els Amics De Les Arts,Blaumut
Els Amics De Les Arts,Gertrudis
Els Amics De Les Arts,Els Catarres
Els Amics De Les Arts,Sopa De Cabra
Els Amics De Les Arts,Joan Dausà
Els Amics De Les Arts,Sau
Els Amics De Les Arts,La iaia
Els Amics De Les Arts,Ginestà
Els Amics De Les Arts,Txarango
Els Amics De Les Arts,Buhos
Els Amics De Les Arts,Oques Grasses
Els Amics De Les Arts,Doctor Prats
Els Amics De Les Arts,Strombers
Lildami,Scorpio
Lildami,Jim
Lildami,Edu Esteve
Lildami,Triquell
Lildami,Flashy Ice Cream
Lildami,Mariona Escoda
Lildami,Sr. Chen
Lildami,Doctor Prats
Lildami,P.A.W.N. Gang
Lildami,Suu
Lildami,Núria López
Lildami,Pedro da Costa
Lildami,31 FAM
Lildami,Figa Flawas
Lildami,Joan Liaño
Lildami,Buhos
Lildami,Chung-Man Kim
Lildami,Laura Gibert
Lildami,Oques Grasses
Lildami,The Tyets
Romeo Santos,Prince Royce
Romeo Santos,Aventura
Romeo Santos,Zacarias Ferreira
Romeo Santos,Monchy & Alexandra
Romeo Santos,Don Omar
Romeo Santos,Wisin & Yandel
Romeo Santos,"Héctor Acosta ""El Torito"""
Romeo Santos,Nicky Jam
Romeo Santos,Farruko
Romeo Santos,NATTI NATASHA
Romeo Santos,Wisin
Romeo Santos,"Tito ""El Bambino"""
Romeo Santos,Zion & Lennox
Romeo Santos,Yandel
Romeo Santos,Ozuna
Romeo Santos,Manuel Turizo
Romeo Santos,Daddy Yankee
Romeo Santos,Anthony Santos
Romeo Santos,Piso 21
Romeo Santos,Tony Dize
Sau,Sangtraït
Sau,Gossos
Sau,Lax'n'Busto
Sau,Sopa De Cabra
Sau,Gerard Quintana
Sau,Els Pets
Sau,Whiskyn's
Sau,Ja T'ho Dire
Sau,Brams
Sau,Pep Sala
Sau,Glaucs
Sau,Companyia Elèctrica Dharma
Sau,Tomeu Penya
Sau,Cesk Freixas
Sau,Blaumut
Sau,Gertrudis
Sau,Els Amics De Les Arts
Sau,Els Catarres
Sau,Dagoll Dagom
Sau,La Trinca
Omar Montes,Moncho Chavea
Omar Montes,Daviles de Novelda
Omar Montes,Nyno Vargas
Omar Montes,Original Elias
Omar Montes,Rvfv
Omar Montes,Keen Levy
Omar Montes,Bandaga
Omar Montes,Tunvao
Omar Montes,Galvan Real
Omar Montes,Maka
Omar Montes,Sami Duque
Omar Montes,Cano
Omar Montes,Luis Cortés
Omar Montes,Camin
Omar Montes,Pedro Calderon
Omar Montes,Flowtiago
Omar Montes,DaniMflow
Omar Montes,JC Reyes
Omar Montes,María Artés
Omar Montes,DELLAFUENTE
Tunvao,The Prodigiez
Tunvao,ZECCA
Tunvao,Edu García
Tunvao,Came Beats
Tunvao,GARABATTO
Tunvao,Kiko Rivera
Tunvao,Farruquito
Tunvao,Pedro Calderon
Tunvao,Jairo deRemache
Tunvao,Omar Montes
Tunvao,La mano de oro
Tunvao,BlueFire
Tunvao,Sky Rompiendo
Tunvao,Chanel
Tunvao,céro
Tunvao,Raul Clyde
Tunvao,Vicco
Tunvao,Linton
Tunvao,Juseph
Tunvao,DJ Saot ST
LUDMILLA,Lexa
LUDMILLA,IZA
LUDMILLA,Gloria Groove
LUDMILLA,Pabllo Vittar
LUDMILLA,PEDRO SAMPAIO
LUDMILLA,Luísa Sonza
LUDMILLA,Anitta
LUDMILLA,MC Mirella
LUDMILLA,Ferrugem
LUDMILLA,Jojo Maronttinni
LUDMILLA,Valesca Popozuda
LUDMILLA,POCAH
LUDMILLA,Sorriso Maroto
LUDMILLA,Tati Zaqui
LUDMILLA,Dilsinho
LUDMILLA,Nego do Borel
LUDMILLA,MC Kevinho
LUDMILLA,DENNIS
LUDMILLA,Thiaguinho
LUDMILLA,Mumuzinho
ZECCA,Tunvao
ZECCA,Big One
ZECCA,Vicco
ZECCA,Chanel
ZECCA,Taiu
ZECCA,Phontana
ZECCA,Zecca
ZECCA,FMK
ZECCA,Mesita
ZECCA,Migrantes
ZECCA,Rusherking
ZECCA,Kiko Rivera
ZECCA,DePol
ZECCA,Ovy On The Drums
ZECCA,Emilia
ZECCA,GARABATTO
ZECCA,Asan
ZECCA,Peipper
ZECCA,LiL CaKe
ZECCA,El Perro
Tapo & Raya,EME BE
Tapo & Raya,Mr. Chris
Tapo & Raya,Sevasti
Tapo & Raya,Foncho
Tapo & Raya,Clase-A
Tapo & Raya,Papa Joe
Tapo & Raya,Mds
Tapo & Raya,Rocko y Fara-On
Tapo & Raya,Pumva
Tapo & Raya,THE CLAN FAMILY
Tapo & Raya,Francesc Sentis
Tapo & Raya,Mr. Rommel
Tapo & Raya,DJ ZAFA
Tapo & Raya,Raiby
Tapo & Raya,Pilson
Tapo & Raya,DKB
Tapo & Raya,Cristian Deluxe
Tapo & Raya,Jay Santos
Tapo & Raya,Nitro & La Melodia
Tapo & Raya,Kike Puentes
Shakira,Thalia
Shakira,Ricky Martin
Shakira,Paulina Rubio
Shakira,Gloria Trevi
Shakira,Belinda
Shakira,Juanes
Shakira,Enrique Iglesias
Shakira,Jesse & Joy
Shakira,Ha*Ash
Shakira,Maluma
Shakira,KAROL G
Shakira,Becky G
Shakira,Luis Fonsi
Shakira,Sebastian Yatra
Shakira,Alejandra Guzman
Shakira,Chayanne
Shakira,NATTI NATASHA
Shakira,Carlos Vives
Shakira,Reik
Shakira,Jennifer Lopez
Freshlyground,Mango Groove
Freshlyground,Simphiwe Dana
Freshlyground,Johnny Clegg & Juluka
Freshlyground,Lira
Freshlyground,Judith Sephuma
Freshlyground,Zamajobe
Freshlyground,Soweto String Quartet
Freshlyground,Vusi Mahlasela
Freshlyground,Thandiswa
Freshlyground,Busi Mhlongo
Freshlyground,The Muffinz
Freshlyground,Sibongile Khumalo
Freshlyground,Jimmy Dludlu
Freshlyground,Bongo Maffin
Freshlyground,Jabu Khanyile
Freshlyground,Lebo Mathosa
Freshlyground,Johnny Clegg
Freshlyground,Boom Shaka
Freshlyground,Just Jinger
Freshlyground,Letta Mbulu & Caiphus Semenya
Carlos Vives,Fonseca
Carlos Vives,Bacilos
Carlos Vives,ChiChi Peralta
Carlos Vives,Juanes
Carlos Vives,Silvestre Dangond
Carlos Vives,Jorge Celedón
Carlos Vives,Diego Torres
Carlos Vives,Andrés Cepeda
Carlos Vives,Felipe Peláez
Carlos Vives,Juan Luis Guerra 4.40
Carlos Vives,Fanny Lu
Carlos Vives,Cabas
Carlos Vives,Carlos Baute
Carlos Vives,Olga Tañón
Carlos Vives,Franco De Vita
Carlos Vives,Gilberto Santa Rosa
Carlos Vives,Chino & Nacho
Carlos Vives,Alex Ubago
Carlos Vives,Chayanne
Carlos Vives,Eddy Herrera
Vicco,DePol
Vicco,Chanel
Vicco,MARLENA
Vicco,Paula Koops
Vicco,Álvaro De Luna
Vicco,Polo Nandez
Vicco,Bombai
Vicco,Lérica
Vicco,Ana Mena
Vicco,Noan
Vicco,Nil Moliner
Vicco,Samuraï
Vicco,Marlon
Vicco,zzoilo
Vicco,Abraham Mateo
Vicco,Marta Santos
Vicco,Marmi
Vicco,Lola Indigo
Vicco,Belén Aguilera
Vicco,La La Love You
Wade,Miguel Bastida
Wade,Cloonee
Wade,Paskman
Wade,Michael Bibi
Wade,Eddy M
Wade,Dennis Cruz
Wade,Guille Placencia
Wade,PAWSA
Wade,Cuartero
Wade,Andres Campo
Wade,Martin Ikin
Wade,Blackchild (ITA)
Wade,Deeper Purpose
Wade,Gordo
Wade,Joshwa
Wade,Hector Couto
Wade,Paco Osuna
Wade,De La Swing
Wade,Biscits
Wade,Classmatic
HUGEL,Cumbiafrica
HUGEL,Amber Van Day
HUGEL,Westend
HUGEL,San Pacho
HUGEL,James Hype
HUGEL,Mau P
HUGEL,Matt Sassari
HUGEL,Matroda
HUGEL,Biscits
HUGEL,John Summit
HUGEL,ACRAZE
HUGEL,CID
HUGEL,Andruss
HUGEL,Cloonee
HUGEL,SIDEPIECE
HUGEL,Raffa Fl
HUGEL,Jude & Frank
HUGEL,BYOR
HUGEL,Noizu
HUGEL,Chris Lake
Merk & Kremont,Sunstars
Merk & Kremont,Riggi & Piros
Merk & Kremont,Joey Dale
Merk & Kremont,Michelangelo
Merk & Kremont,Jewelz & Sparks
Merk & Kremont,JAGGS
Merk & Kremont,Tom & Jame
Merk & Kremont,Alpharock
Merk & Kremont,Volt & State
Merk & Kremont,Holl & Rush
Merk & Kremont,Dropgun
Merk & Kremont,Florian Picasso
Merk & Kremont,Pep & Rash
Merk & Kremont,Bougenvilla
Merk & Kremont,Ibranovski
Merk & Kremont,Thomas Newson
Merk & Kremont,Dannic
Merk & Kremont,Prince Paris
Merk & Kremont,Shablo
Merk & Kremont,Ralvero
Lirico En La Casa,Liro Shaq
Lirico En La Casa,Atomic Otro Way
Lirico En La Casa,El Super Nuevo
Lirico En La Casa,Musicologo The Libro
Lirico En La Casa,La Nueva Escuela
Lirico En La Casa,Quimico Ultra Mega
Lirico En La Casa,Bulova
Lirico En La Casa,El Mayor Clasico
Lirico En La Casa,Ceky Viciny
Lirico En La Casa,Shelow Shaq
Lirico En La Casa,Jc La Nevula
Lirico En La Casa,Nfasis
Lirico En La Casa,Toxic Crow
Lirico En La Casa,El Fother
Lirico En La Casa,Sujeto Oro 24
Lirico En La Casa,Crazy Design
Lirico En La Casa,Paramba
Lirico En La Casa,Mozart La Para
Lirico En La Casa,El Chuape
Lirico En La Casa,Don Miguelo
Skrillex,Knife Party
Skrillex,Zomboy
Skrillex,deadmau5
Skrillex,Flux Pavilion
Skrillex,NERO
Skrillex,Jack Ü
Skrillex,Kill The Noise
Skrillex,Diplo
Skrillex,Borgore
Skrillex,Dillon Francis
Skrillex,Excision
Skrillex,Steve Aoki
Skrillex,Swedish House Mafia
Skrillex,Feed Me
Skrillex,Datsik
Skrillex,Zeds Dead
Skrillex,Modestep
Skrillex,Hardwell
Skrillex,Major Lazer
Skrillex,Bassnectar
Sirah,Alvin Risk
Sirah,Yogi
Sirah,Dog Blood
Sirah,Wiwek
Sirah,MUST DIE!
Sirah,Kill The Noise
Sirah,Vindata
Sirah,Zomboy
Sirah,Good Times Ahead
Sirah,Mija
Sirah,Jack Ü
Sirah,Eptic
Sirah,Getter
Sirah,BARELY ALIVE
Sirah,josh pan
Sirah,Knife Party
Sirah,Pegboard Nerds
Sirah,SNAILS
Sirah,Borgore
Sirah,Valentino Khan
Lluís Gavaldà,Scotty DK
Lluís Gavaldà,Els Amics de Manel
Lluís Gavaldà,Coco
Lluís Gavaldà,Mama Dousha
Lluís Gavaldà,Marru
Lluís Gavaldà,Sexenni
Lluís Gavaldà,Lal'Ba
Lluís Gavaldà,Joan Pau
Lluís Gavaldà,Calagher
Lluís Gavaldà,Flashy Ice Cream
Lluís Gavaldà,Pelat i Pelut
Lluís Gavaldà,Figa Flawas
Lluís Gavaldà,MOSAIC
Lluís Gavaldà,Porto Bello
Lluís Gavaldà,Victor Magan
Lluís Gavaldà,Siderland
Lluís Gavaldà,Julieta
Lluís Gavaldà,roots
Lluís Gavaldà,Edu Esteve
Lluís Gavaldà,Triquell
Yung Rovelló,Lil Geri
Yung Rovelló,Pol Bordas
Yung Rovelló,Sangaku
Yung Rovelló,Yung Rajola
Yung Rovelló,Spxxn P
Yung Rovelló,Malson Atmosfèric
Yung Rovelló,Chill C
Yung Rovelló,Geri
Yung Rovelló,Narcís Mas
Yung Rovelló,Xavier Mata
Yung Rovelló,New George
Yung Rovelló,TRAMMA
Yung Rovelló,Ill.
Yung Rovelló,kuu
Yung Rovelló,Poor Tràmit
Yung Rovelló,Lluc
Yung Rovelló,Scotty DK
Yung Rovelló,Quimo
Yung Rovelló,Cooba
Yung Rovelló,Acros
Doctor Prats,Buhos
Doctor Prats,Els Catarres
Doctor Prats,Oques Grasses
Doctor Prats,Gertrudis
Doctor Prats,Lildami
Doctor Prats,Roba Estesa
Doctor Prats,Suu
Doctor Prats,Sense Sal
Doctor Prats,Itaca Band
Doctor Prats,Txarango
Doctor Prats,Strombers
Doctor Prats,Blaumut
Doctor Prats,Cesk Freixas
Doctor Prats,Els Pets
Doctor Prats,Lax'n'Busto
Doctor Prats,Gossos
Doctor Prats,Joan Dausà
Doctor Prats,Els Amics De Les Arts
Doctor Prats,Auxili
Doctor Prats,The Tyets
